순위,이미지,제목,아티스트,앨범
1,"//image.genie.co.kr/Y/IMAGE/IMG_ALBUM/084/181/610/84181610_1692585955705_1_140x140.JPG/dims/resize/Q_80,0",Love Lee,AKMU (악뮤),Love Lee
2,"//image.genie.co.kr/Y/IMAGE/IMG_ALBUM/084/193/518/84193518_1693904065753_1_140x140.JPG/dims/resize/Q_80,0",Smoke (Prod. by Dynamicduo & Padi),다이나믹 듀오 & 이영지,스트릿 우먼 파이터2 (SWF2) 계급미션
3,"//image.genie.co.kr/Y/IMAGE/IMG_ALBUM/084/181/610/84181610_1692585955705_1_140x140.JPG/dims/resize/Q_80,0",후라이의 꿈,AKMU (악뮤),Love Lee
4,"//image.genie.co.kr/Y/IMAGE/IMG_ALBUM/084/019/740/84019740_1688692234715_1_140x140.JPG/dims/resize/Q_80,0",ETA,NewJeans,NewJeans 2nd EP 'Get Up'
5,"//image.genie.co.kr/Y/IMAGE/IMG_ALBUM/084/048/666/84048666_1689299278760_1_140x140.JPG/dims/resize/Q_80,0",Seven (Feat. Latto) (Clean Ver.),정국,Seven (Clean Ver.)
6,"//image.genie.co.kr/Y/IMAGE/IMG_ALBUM/084/019/740/84019740_1688692234715_1_140x140.JPG/dims/resize/Q_80,0",Super Shy,NewJeans,NewJeans 2nd EP 'Get Up'
7,"//image.genie.co.kr/Y/IMAGE/IMG_ALBUM/083/748/133/83748133_1681960235531_1_140x140.JPG/dims/resize/Q_80,0",헤어지자 말해요,박재정,1집 Alone
8,"//image.genie.co.kr/Y/IMAGE/IMG_ALBUM/084/127/432/84127432_1691456003174_1_140x140.JPG/dims/resize/Q_80,0",Fast Forward,전소미,GAME PLAN
9,"//image.genie.co.kr/Y/IMAGE/IMG_ALBUM/083/665/559/83665559_1681116738103_1_140x140.JPG/dims/resize/Q_80,0",I AM,IVE (아이브),I've IVE
10,"//image.genie.co.kr/Y/IMAGE/IMG_ALBUM/083/810/194/83810194_1684117368811_1_140x140.JPG/dims/resize/Q_80,0",퀸카 (Queencard),(여자)아이들,I feel
11,"//image.genie.co.kr/Y/IMAGE/IMG_ALBUM/082/842/800/82842800_1659340238924_1_140x140.JPG/dims/resize/Q_80,0",Hype boy,NewJeans,NewJeans 1st EP 'New Jeans'
12,"//image.genie.co.kr/Y/IMAGE/IMG_ALBUM/084/030/640/84030640_1689068777071_1_140x140.JPG/dims/resize/Q_80,0",사막에서 꽃을 피우듯,우디 (Woody),사막에서 꽃을 피우듯
13,"//image.genie.co.kr/Y/IMAGE/IMG_ALBUM/084/234/731/84234731_1693970271938_1_140x140.JPG/dims/resize/Q_80,0",I Love My Body,화사 (HWASA),I Love My Body
14,"//image.genie.co.kr/Y/IMAGE/IMG_ALBUM/083/779/626/83779626_1682991212396_1_140x140.JPG/dims/resize/Q_80,0","이브, 프시케 그리고 푸른 수염의 아내",LE SSERAFIM (르세라핌),UNFORGIVEN
15,"//image.genie.co.kr/Y/IMAGE/IMG_ALBUM/082/322/594/82322594_1633671778123_1_140x140.JPG/dims/resize/Q_80,0",사랑은 늘 도망가,임영웅,신사와 아가씨 OST Part.2
16,"//image.genie.co.kr/Y/IMAGE/IMG_ALBUM/082/614/128/82614128_1648619377015_1_140x140.JPG/dims/resize/Q_80,0",사건의 지평선,윤하 (YOUNHA),YOUNHA 6th Album Repackage 'END THEORY : Final Edition'
17,"//image.genie.co.kr/Y/IMAGE/IMG_ALBUM/083/665/559/83665559_1681116738103_1_140x140.JPG/dims/resize/Q_80,0",Kitsch,IVE (아이브),I've IVE
18,"//image.genie.co.kr/Y/IMAGE/IMG_ALBUM/083/325/577/83325577_1672649874616_1_140x140.JPG/dims/resize/Q_80,0",Ditto,NewJeans,NewJeans 'OMG'
19,"//image.genie.co.kr/Y/IMAGE/IMG_ALBUM/083/793/925/83793925_1683534089577_1_140x140.JPG/dims/resize/Q_80,0",Spicy,aespa,MY WORLD - The 3rd Mini Album
20,"//image.genie.co.kr/Y/IMAGE/IMG_ALBUM/084/157/291/84157291_1691991021350_1_140x140.JPG/dims/resize/Q_80,0",Bubble,STAYC (스테이씨),TEENFRESH
21,"//image.genie.co.kr/Y/IMAGE/IMG_ALBUM/082/638/032/82638032_1651479062721_1_140x140.JPG/dims/resize/Q_80,0",우리들의 블루스,임영웅,IM HERO
22,"//image.genie.co.kr/Y/IMAGE/IMG_ALBUM/082/759/659/82759659_1655272635060_1_140x140.JPG/dims/resize/Q_80,0",Summer (Feat. BE'O (비오)),Paul Blanco,Summer
23,"//image.genie.co.kr/Y/IMAGE/IMG_ALBUM/083/883/344/83883344_1685931006480_1_140x140.JPG/dims/resize/Q_80,0",모래 알갱이,임영웅,모래 알갱이
24,"//image.genie.co.kr/Y/IMAGE/IMG_ALBUM/081/410/156/81410156_1585878705990_1_140x140.JPG/dims/resize/Q_80,0",이제 나만 믿어요,임영웅,내일은 미스터트롯 우승자 특전곡
25,"//image.genie.co.kr/Y/IMAGE/IMG_ALBUM/083/932/963/83932963_1686789037649_1_140x140.JPG/dims/resize/Q_80,0",Steal The Show,Lauv,엘리멘탈 (Original Motion Picture Soundtrack)
26,"//image.genie.co.kr/Y/IMAGE/IMG_ALBUM/082/912/984/82912984_1661135567760_1_140x140.JPG/dims/resize/Q_80,0",After LIKE,IVE (아이브),After LIKE
27,"//image.genie.co.kr/Y/IMAGE/IMG_ALBUM/082/638/032/82638032_1651479062721_1_140x140.JPG/dims/resize/Q_80,0",다시 만날 수 있을까,임영웅,IM HERO
28,"//image.genie.co.kr/Y/IMAGE/IMG_ALBUM/083/556/186/83556186_1676621348326_1_140x140.JPG/dims/resize/Q_80,0",심 (心),DK (디셈버),심 (心)
29,"//image.genie.co.kr/Y/IMAGE/IMG_ALBUM/082/484/273/82484273_1665067200754_1_140x140.JPG/dims/resize/Q_80,0",I Don't Think That I Like Her,Charlie Puth,CHARLIE
30,"//image.genie.co.kr/Y/IMAGE/IMG_ALBUM/082/842/800/82842800_1659340238924_1_140x140.JPG/dims/resize/Q_80,0",Attention,NewJeans,NewJeans 1st EP 'New Jeans'
31,"//image.genie.co.kr/Y/IMAGE/IMG_ALBUM/082/638/032/82638032_1651479062721_1_140x140.JPG/dims/resize/Q_80,0",무지개,임영웅,IM HERO
32,"//image.genie.co.kr/Y/IMAGE/IMG_ALBUM/082/624/363/82624363_1649123068092_1_140x140.JPG/dims/resize/Q_80,0",LOVE DIVE,IVE (아이브),LOVE DIVE
33,"//image.genie.co.kr/Y/IMAGE/IMG_ALBUM/082/638/032/82638032_1651479062721_1_140x140.JPG/dims/resize/Q_80,0",아버지,임영웅,IM HERO
34,"//image.genie.co.kr/Y/IMAGE/IMG_ALBUM/083/180/213/83180213_1668490985544_1_140x140.JPG/dims/resize/Q_80,0",London Boy,임영웅,Polaroid
35,"//image.genie.co.kr/Y/IMAGE/IMG_ALBUM/083/066/601/83066601_1665545601657_1_140x140.JPG/dims/resize/Q_80,0",Underwater,권은비,Lethality
36,"//image.genie.co.kr/Y/IMAGE/IMG_ALBUM/083/180/213/83180213_1668490985544_1_140x140.JPG/dims/resize/Q_80,0",Polaroid,임영웅,Polaroid
37,"//image.genie.co.kr/Y/IMAGE/IMG_ALBUM/082/638/032/82638032_1651479062721_1_140x140.JPG/dims/resize/Q_80,0",A bientot,임영웅,IM HERO
38,"//image.genie.co.kr/Y/IMAGE/IMG_ALBUM/083/779/626/83779626_1682991212396_1_140x140.JPG/dims/resize/Q_80,0",UNFORGIVEN (Feat. Nile Rodgers),LE SSERAFIM (르세라핌),UNFORGIVEN
39,"//image.genie.co.kr/Y/IMAGE/IMG_ALBUM/082/638/032/82638032_1651479062721_1_140x140.JPG/dims/resize/Q_80,0",손이 참 곱던 그대,임영웅,IM HERO
40,"//image.genie.co.kr/Y/IMAGE/IMG_ALBUM/082/638/032/82638032_1651479062721_1_140x140.JPG/dims/resize/Q_80,0",사랑해 진짜,임영웅,IM HERO
41,"//image.genie.co.kr/Y/IMAGE/IMG_ALBUM/082/638/032/82638032_1651479062721_1_140x140.JPG/dims/resize/Q_80,0",연애편지,임영웅,IM HERO
42,"//image.genie.co.kr/Y/IMAGE/IMG_ALBUM/084/011/548/84011548_1688552794542_1_140x140.JPG/dims/resize/Q_80,0","잘 지내자, 우리 (여름날 우리 X 로이킴)",로이킴,"잘 지내자, 우리 (여름날 우리 X 로이킴)"
43,"//image.genie.co.kr/Y/IMAGE/IMG_ALBUM/083/343/048/83343048_1671754828445_1_140x140.JPG/dims/resize/Q_80,0",건물 사이에 피어난 장미,H1-KEY (하이키),H1-KEY 1st Mini Album (Rose Blossom)
44,"//image.genie.co.kr/Y/IMAGE/IMG_ALBUM/080/673/272/80673272_1617265225691_1_140x140.JPG/dims/resize/Q_80,0",Dangerously,Charlie Puth,Nine Track Mind (Deluxe Edition)
45,"//image.genie.co.kr/Y/IMAGE/IMG_ALBUM/082/638/032/82638032_1651479062721_1_140x140.JPG/dims/resize/Q_80,0",인생찬가,임영웅,IM HERO
46,"//image.genie.co.kr/Y/IMAGE/IMG_ALBUM/083/687/323/83687323_1680228994484_1_140x140.JPG/dims/resize/Q_80,0",꽃,지수 (JISOO),ME
47,"//image.genie.co.kr/Y/IMAGE/IMG_ALBUM/083/325/577/83325577_1672649874616_1_140x140.JPG/dims/resize/Q_80,0",OMG,NewJeans,NewJeans 'OMG'
48,"//image.genie.co.kr/Y/IMAGE/IMG_ALBUM/082/638/032/82638032_1651479062721_1_140x140.JPG/dims/resize/Q_80,0",보금자리,임영웅,IM HERO
49,"//image.genie.co.kr/Y/IMAGE/IMG_ALBUM/084/019/740/84019740_1688692234715_1_140x140.JPG/dims/resize/Q_80,0",New Jeans,NewJeans,NewJeans 2nd EP 'Get Up'
50,"//image.genie.co.kr/Y/IMAGE/IMG_ALBUM/083/082/184/83082184_1665969939180_1_140x140.JPG/dims/resize/Q_80,0",ANTIFRAGILE,LE SSERAFIM (르세라핌),ANTIFRAGILE
51,"//image.genie.co.kr/Y/IMAGE/IMG_ALBUM/082/540/759/82540759_1645152997958_1_140x140.JPG/dims/resize/Q_80,0",사랑인가 봐,멜로망스 (MeloMance),사랑인가 봐 (사내맞선 OST 스페셜 트랙)
52,"//image.genie.co.kr/Y/IMAGE/IMG_ALBUM/084/005/648/84005648_1690787085522_1_140x140.JPG/dims/resize/Q_80,0",CAKE,ITZY (있지),KILL MY DOUBT
53,"//image.genie.co.kr/Y/IMAGE/IMG_ALBUM/082/586/132/82586132_1647227017471_1_140x140.JPG/dims/resize/Q_80,0",TOMBOY,(여자)아이들,I NEVER DIE
54,"//image.genie.co.kr/Y/IMAGE/IMG_ALBUM/082/051/769/82051769_1621328428038_1_140x140.JPG/dims/resize/Q_80,0",다정히 내 이름을 부르면,경서예지 & 전건호,다정히 내 이름을 부르면
55,"//image.genie.co.kr/Y/IMAGE/IMG_ALBUM/083/506/719/83506719_1676363663803_1_140x140.JPG/dims/resize/Q_80,0",Teddy Bear,STAYC (스테이씨),Teddy Bear
56,"//image.genie.co.kr/Y/IMAGE/IMG_ALBUM/081/172/042/81172042_1552452730746_1_140x140.JPG/dims/resize/Q_80,0",주저하는 연인들을 위해,잔나비,전설
57,"//image.genie.co.kr/Y/IMAGE/IMG_ALBUM/083/762/577/83762577_1682297728199_1_140x140.JPG/dims/resize/Q_80,0",손오공,세븐틴 (SEVENTEEN),SEVENTEEN 10th Mini Album 'FML'
58,"//image.genie.co.kr/Y/IMAGE/IMG_ALBUM/081/271/853/81271853_1569396403906_1_140x140.JPG/dims/resize/Q_80,0","어떻게 이별까지 사랑하겠어, 널 사랑하는 거지",AKMU (악뮤),항해
59,"//image.genie.co.kr/Y/IMAGE/IMG_ALBUM/084/193/518/84193518_1693904065753_1_140x140.JPG/dims/resize/Q_80,0",Click Like (Prod. by Crush) (Feat. Paul Blanco),Crush,스트릿 우먼 파이터2 (SWF2) 계급미션
60,"//image.genie.co.kr/Y/IMAGE/IMG_ALBUM/080/401/547/80401547_1392172764399_1_140x140.JPG/dims/resize/Q_80,0",너의 모든 순간,성시경,별에서 온 그대 OST Part.7 (SBS 수목드라마)
61,"//image.genie.co.kr/Y/IMAGE/IMG_ALBUM/082/130/513/82130513_1625722837604_1_140x140.JPG/dims/resize/Q_80,0",Stay,The Kid LAROI & Justin Bieber,Stay
62,"//image.genie.co.kr/Y/IMAGE/IMG_ALBUM/082/484/273/82484273_1665067200754_1_140x140.JPG/dims/resize/Q_80,0",That's Hilarious,Charlie Puth,CHARLIE
63,"//image.genie.co.kr/Y/IMAGE/IMG_ALBUM/082/443/459/82443459_1639718817315_1_140x140.JPG/dims/resize/Q_80,0",취중고백,김민석 (멜로망스),취중고백
64,"//image.genie.co.kr/Y/IMAGE/IMG_ALBUM/083/684/144/83684144_1680242492859_1_140x140.JPG/dims/resize/Q_80,0",사랑하지 않아서 그랬어,임한별,사랑하지 않아서 그랬어
65,"//image.genie.co.kr/Y/IMAGE/IMG_ALBUM/082/814/458/82814458_1657270030475_1_140x140.JPG/dims/resize/Q_80,0",그때 그 순간 그대로 (그그그),WSG워너비 (가야G),WSG워너비 1집
66,"//image.genie.co.kr/Y/IMAGE/IMG_ALBUM/081/545/399/81545399_1600401677905_1_140x140.JPG/dims/resize/Q_80,0",Dynamite,방탄소년단,Dynamite (DayTime Ver.)
67,"//image.genie.co.kr/Y/IMAGE/IMG_ALBUM/082/417/569/82417569_1638329272770_1_140x140.JPG/dims/resize/Q_80,0",ELEVEN,IVE (아이브),ELEVEN
68,"//image.genie.co.kr/Y/IMAGE/IMG_ALBUM/083/073/238/83073238_1665772282151_1_140x140.JPG/dims/resize/Q_80,0",When I Get Old,Christopher & 청하,When I Get Old
69,"//image.genie.co.kr/Y/IMAGE/IMG_ALBUM/082/798/875/82798875_1656663217923_1_140x140.JPG/dims/resize/Q_80,0",그라데이션,10CM,5.3
70,"//image.genie.co.kr/Y/IMAGE/IMG_ALBUM/082/638/202/82638202_1655369481808_1_140x140.JPG/dims/resize/Q_80,0",The Drum,Alan Walker,"Walkerverse, Pt. I"
71,"//image.genie.co.kr/Y/IMAGE/IMG_ALBUM/083/519/066/83519066_1675749482269_1_140x140.JPG/dims/resize/Q_80,0",파이팅 해야지 (Feat. 이영지),부석순 (SEVENTEEN),부석순 1st Single Album 'SECOND WIND'
72,"//image.genie.co.kr/Y/IMAGE/IMG_ALBUM/080/919/666/80919666_1486113823984_1_140x140.JPG/dims/resize/Q_80,0",예뻤어,DAY6 (데이식스),Every DAY6 February
73,"//image.genie.co.kr/Y/IMAGE/IMG_ALBUM/082/912/188/82912188_1663300532914_1_140x140.JPG/dims/resize/Q_80,0",Shut Down,BLACKPINK,BORN PINK
74,"//image.genie.co.kr/Y/IMAGE/IMG_ALBUM/083/902/576/83902576_1686288357417_1_140x140.JPG/dims/resize/Q_80,0",나에게 그대만이,탑현,나에게 그대만이
75,"//image.genie.co.kr/Y/IMAGE/IMG_ALBUM/081/955/089/81955089_1616129121840_1_140x140.JPG/dims/resize/Q_80,0",Off My Face,Justin Bieber,Justice
76,"//image.genie.co.kr/Y/IMAGE/IMG_ALBUM/081/031/556/81031556_1656957034547_1_140x140.JPG/dims/resize/Q_80,0",2002,Anne-Marie,Speak Your Mind (Deluxe)
77,"//image.genie.co.kr/Y/IMAGE/IMG_ALBUM/083/196/201/83196201_1671520555194_1_140x140.JPG/dims/resize/Q_80,0",Dreamers (Music from the FIFA World Cup Qatar 2022 Official Soundtrack) (Feat. FIFA Sound),정국 & 방탄소년단,Dreamers (Music from the FIFA World Cup Qatar 2022 Official Soundtrack)
78,"//image.genie.co.kr/Y/IMAGE/IMG_ALBUM/083/807/543/83807543_1683600166370_1_140x140.JPG/dims/resize/Q_80,0",잠깐 시간 될까,이무진,잠깐 시간 될까
79,"//image.genie.co.kr/Y/IMAGE/IMG_ALBUM/082/983/095/82983095_1666323297427_1_140x140.JPG/dims/resize/Q_80,0",Monologue,테이 (Tei),Monologue
80,"//image.genie.co.kr/Y/IMAGE/IMG_ALBUM/082/941/007/82941007_1662445894361_1_140x140.JPG/dims/resize/Q_80,0",새삥 (Prod. by ZICO) (Feat. 호미들),지코 (ZICO),스트릿 맨 파이터(SMF) Original Vol.3 (계급미션)
81,"//image.genie.co.kr/Y/IMAGE/IMG_ALBUM/082/651/870/82651870_1650613662156_1_140x140.JPG/dims/resize/Q_80,0",나의 X에게,경서,나의 X에게
82,"//image.genie.co.kr/Y/IMAGE/IMG_ALBUM/082/727/185/82727185_1654248208229_1_140x140.JPG/dims/resize/Q_80,0",해요 (2022),#안녕,해요 (2022)
83,"//image.genie.co.kr/Y/IMAGE/IMG_ALBUM/083/773/897/83773897_1682646768706_1_140x140.JPG/dims/resize/Q_80,0",물론,허각,물론
84,"//image.genie.co.kr/Y/IMAGE/IMG_ALBUM/083/860/567/83860567_1685068731693_1_140x140.JPG/dims/resize/Q_80,0",첫 키스에 내 심장은 120BPM,경서,ONGOING
85,"//image.genie.co.kr/Y/IMAGE/IMG_ALBUM/082/044/844/82044844_1651133261932_1_140x140.JPG/dims/resize/Q_80,0",Loving You Girl (Feat. Hkeem),Peder Elias,Love & Loneliness
86,"//image.genie.co.kr/Y/IMAGE/IMG_ALBUM/082/912/188/82912188_1663300532914_1_140x140.JPG/dims/resize/Q_80,0",Pink Venom,BLACKPINK,BORN PINK
87,"//image.genie.co.kr/Y/IMAGE/IMG_ALBUM/084/193/518/84193518_1693904065753_1_140x140.JPG/dims/resize/Q_80,0",트월ㅋ (Prod. by Czaer),미연 ((여자)아이들) & 우기 ((여자)아이들),스트릿 우먼 파이터2 (SWF2) 계급미션
88,"//image.genie.co.kr/Y/IMAGE/IMG_ALBUM/084/172/540/84172540_1692334976181_1_140x140.JPG/dims/resize/Q_80,0",미친 사랑의 노래,김연지 & DK (디셈버),미친 사랑의 노래
89,"//image.genie.co.kr/Y/IMAGE/IMG_ALBUM/082/393/286/82393286_1637039913011_1_140x140.JPG/dims/resize/Q_80,0",오르트구름,윤하 (YOUNHA),YOUNHA 6th Album 'END THEORY'
90,"//image.genie.co.kr/Y/IMAGE/IMG_ALBUM/082/052/685/82052685_1621395929780_1_140x140.JPG/dims/resize/Q_80,0",Every Second,Mina Okabe,Every Second
91,"//image.genie.co.kr/Y/IMAGE/IMG_ALBUM/082/055/361/82055361_1621563082144_1_140x140.JPG/dims/resize/Q_80,0",Butter,방탄소년단,Butter
92,"//image.genie.co.kr/Y/IMAGE/IMG_ALBUM/015/027/331/15027331_1464600209946_1_140x140.JPG/dims/resize/Q_80,0",희재,성시경,국화꽃 향기 OST
93,"//image.genie.co.kr/Y/IMAGE/IMG_ALBUM/083/072/254/83072254_1665976983718_1_140x140.JPG/dims/resize/Q_80,0",Nxde,(여자)아이들,I love
94,"//image.genie.co.kr/Y/IMAGE/IMG_ALBUM/082/602/752/82602752_1648117827255_1_140x140.JPG/dims/resize/Q_80,0",내가 아니라도,주호,내가 아니라도
95,"//image.genie.co.kr/Y/IMAGE/IMG_ALBUM/083/327/370/83327370_1671527785845_1_140x140.JPG/dims/resize/Q_80,0",Say I Love You,우디 (Woody),Say I Love You (Re : WIND 4MEN Vol.04)
96,"//image.genie.co.kr/Y/IMAGE/IMG_ALBUM/081/044/453/81044453_1521524523818_1_140x140.JPG/dims/resize/Q_80,0","모든 날, 모든 순간 (Every day, Every Moment)",폴킴,'키스 먼저 할까요?' OST Part. 3 (SBS 월화드라마)
97,"//image.genie.co.kr/Y/IMAGE/IMG_ALBUM/083/571/396/83571396_1677134962111_1_140x140.JPG/dims/resize/Q_80,0",Cupid,FIFTY FIFTY,The Beginning : Cupid
98,"//image.genie.co.kr/Y/IMAGE/IMG_ALBUM/084/019/740/84019740_1688692234715_1_140x140.JPG/dims/resize/Q_80,0",Cool With You,NewJeans,NewJeans 2nd EP 'Get Up'
99,"//image.genie.co.kr/Y/IMAGE/IMG_ALBUM/084/039/945/84039945_1689213634156_1_140x140.JPG/dims/resize/Q_80,0",I WANT,IVE (아이브),I WANT
100,"//image.genie.co.kr/Y/IMAGE/IMG_ALBUM/080/921/195/80921195_1486716752321_1_140x140.JPG/dims/resize/Q_80,0",봄날,방탄소년단,YOU NEVER WALK ALONE
101,"//image.genie.co.kr/Y/IMAGE/IMG_ALBUM/083/903/050/83903050_1686279583411_1_140x140.JPG/dims/resize/Q_80,0",사랑의 바보,제이세라 (J-Cera),사랑의 바보
102,"//image.genie.co.kr/Y/IMAGE/IMG_ALBUM/082/126/712/82126712_1625554274209_1_140x140.JPG/dims/resize/Q_80,0",Weekend,태연 (TAEYEON),Weekend
103,"//image.genie.co.kr/Y/IMAGE/IMG_ALBUM/081/244/101/81244101_1563174738943_1_140x140.JPG/dims/resize/Q_80,0",한 페이지가 될 수 있게,DAY6 (데이식스),The Book of Us : Gravity
104,"//image.genie.co.kr/Y/IMAGE/IMG_ALBUM/083/727/409/83727409_1681346323239_1_140x140.JPG/dims/resize/Q_80,0",빛이 나는 너에게,던 (DAWN),빛이 나는 너에게
105,"//image.genie.co.kr/Y/IMAGE/IMG_ALBUM/082/045/022/82045022_1620896061233_1_140x140.JPG/dims/resize/Q_80,0",신호등,이무진,신호등
106,"//image.genie.co.kr/Y/IMAGE/IMG_ALBUM/083/547/302/83547302_1676521029077_1_140x140.JPG/dims/resize/Q_80,0",CHRISTIAN,Zior Park,WHERE DOES SASQUATCH LIVE? PART 1
107,"//image.genie.co.kr/Y/IMAGE/IMG_ALBUM/082/529/386/82529386_1644820151763_1_140x140.JPG/dims/resize/Q_80,0",INVU,태연 (TAEYEON),INVU - The 3rd Album
108,"//image.genie.co.kr/Y/IMAGE/IMG_ALBUM/080/951/521/80951521_1496128690403_1_140x140.JPG/dims/resize/Q_80,0",민들레 (single ver.),우효,민들레
109,"//image.genie.co.kr/Y/IMAGE/IMG_ALBUM/083/002/500/83002500_1663912084716_1_140x140.JPG/dims/resize/Q_80,0",그중에 그대를 만나,김호중,삼남매가 용감하게 OST Part.1
110,"//image.genie.co.kr/Y/IMAGE/IMG_ALBUM/081/731/300/81731300_1613455604854_1_140x140.JPG/dims/resize/Q_80,0",밤하늘의 별을 (2020),경서,밤하늘의 별을 (2020)
111,"//image.genie.co.kr/Y/IMAGE/IMG_ALBUM/082/842/800/82842800_1659340238924_1_140x140.JPG/dims/resize/Q_80,0",Cookie,NewJeans,NewJeans 1st EP 'New Jeans'
112,"//image.genie.co.kr/Y/IMAGE/IMG_ALBUM/084/055/400/84055400_1689572432655_1_140x140.JPG/dims/resize/Q_80,0",여름이 들려 (Summer Comes),오마이걸 (OH MY GIRL),Golden Hourglass
113,"//image.genie.co.kr/Y/IMAGE/IMG_ALBUM/082/669/125/82669125_1651458341829_1_140x140.JPG/dims/resize/Q_80,0",FEARLESS,LE SSERAFIM (르세라핌),FEARLESS
114,"//image.genie.co.kr/Y/IMAGE/IMG_ALBUM/084/189/350/84189350_1694335668483_1_140x140.JPG/dims/resize/Q_80,0",Happiness,허용별 (허각 & 신용재 & 임한별),허용별 프로젝트 #1
115,"//image.genie.co.kr/Y/IMAGE/IMG_ALBUM/083/881/061/83881061_1685688114722_1_140x140.JPG/dims/resize/Q_80,0",사실말야내가말야그게그러니까말이야,케이시 (Kassy),사실말야내가말야그게그러니까말이야
116,"//image.genie.co.kr/Y/IMAGE/IMG_ALBUM/082/631/622/82631622_1649731154266_1_140x140.JPG/dims/resize/Q_80,0",LOVE me,BE'O (비오),LOVE me
117,"//image.genie.co.kr/Y/IMAGE/IMG_ALBUM/082/645/633/82645633_1650352944627_1_140x140.JPG/dims/resize/Q_80,0",정이라고 하자 (Feat. 10CM),BIG Naughty (서동현),정이라고 하자
118,"//image.genie.co.kr/Y/IMAGE/IMG_ALBUM/082/908/447/82908447_1660714837418_1_140x140.JPG/dims/resize/Q_80,0",NIGHT DANCER,imase,NIGHT DANCER
119,"//image.genie.co.kr/Y/IMAGE/IMG_ALBUM/082/110/115/82110115_1654161923419_1_140x140.JPG/dims/resize/Q_80,0",Bad Habits,Ed Sheeran,=
120,"//image.genie.co.kr/Y/IMAGE/IMG_ALBUM/081/222/277/81222277_1559886717282_1_140x140.JPG/dims/resize/Q_80,0",오늘도 빛나는 너에게 (To You My Light) (Feat.이라온),마크툽 (Maktub),Red Moon : To You My Light
121,"//image.genie.co.kr/Y/IMAGE/IMG_ALBUM/081/260/027/81260027_1566538606488_1_140x140.JPG/dims/resize/Q_80,0",흔들리는 꽃들 속에서 네 샴푸향이 느껴진거야,장범준,멜로가 체질 OST Part 3 (JTBC 금토 드라마)
122,"//image.genie.co.kr/Y/IMAGE/IMG_ALBUM/084/272/219/84272219_1694764275727_1_140x140.JPG/dims/resize/Q_80,0",그냥 그렇게 됐어,지아 (Zia),그냥 그렇게 됐어
123,"//image.genie.co.kr/Y/IMAGE/IMG_ALBUM/083/574/618/83574618_1677205061184_1_140x140.JPG/dims/resize/Q_80,0",사랑하기 싫어,지아 (Zia),사랑하기 싫어
124,"//image.genie.co.kr/Y/IMAGE/IMG_ALBUM/082/814/458/82814458_1657270030475_1_140x140.JPG/dims/resize/Q_80,0",보고싶었어,WSG워너비 (4FIRE),WSG워너비 1집
125,"//image.genie.co.kr/Y/IMAGE/IMG_ALBUM/083/030/172/83030172_1664517404926_1_140x140.JPG/dims/resize/Q_80,0",나의 목소리로,김호중,나의 목소리로
126,"//image.genie.co.kr/Y/IMAGE/IMG_ALBUM/082/110/804/82110804_1624611382361_1_140x140.JPG/dims/resize/Q_80,0",바라만 본다,MSG워너비 (M.O.M),MSG워너비 1집
127,"//image.genie.co.kr/Y/IMAGE/IMG_ALBUM/082/624/911/82624911_1649062753955_1_140x140.JPG/dims/resize/Q_80,0",봄여름가을겨울 (Still Life),BIGBANG (빅뱅),봄여름가을겨울 (Still Life)
128,"//image.genie.co.kr/Y/IMAGE/IMG_ALBUM/083/311/242/83311242_1671174043157_1_140x140.JPG/dims/resize/Q_80,0",NOT SORRY (Feat. pH-1) (Prod. by Slom),이영지,쇼미더머니 11 Episode 3
129,"//image.genie.co.kr/Y/IMAGE/IMG_ALBUM/083/456/811/83456811_1674613325236_1_140x140.JPG/dims/resize/Q_80,0",당신을 만나,김호중 & 송가인,당신을 만나
130,"//image.genie.co.kr/Y/IMAGE/IMG_ALBUM/082/049/997/82049997_1621238537359_1_140x140.JPG/dims/resize/Q_80,0",Next Level,aespa,Next Level
131,"//image.genie.co.kr/Y/IMAGE/IMG_ALBUM/083/763/087/83763087_1682327859933_1_140x140.JPG/dims/resize/Q_80,0",Heaven (2023),임재현,시작은 첫키스 OST Part.1
132,"//image.genie.co.kr/Y/IMAGE/IMG_ALBUM/081/479/869/81479869_1592554370128_1_140x140.JPG/dims/resize/Q_80,0",OHAYO MY NIGHT,디핵 (D-Hack) & PATEKO,OHAYO MY NIGHT
133,"//image.genie.co.kr/Y/IMAGE/IMG_ALBUM/081/051/809/81051809_1588127109810_1_140x140.JPG/dims/resize/Q_80,0",Bad,Christopher,Under the Surface
134,"//image.genie.co.kr/Y/IMAGE/IMG_ALBUM/084/181/596/84181596_1693817383651_1_140x140.JPG/dims/resize/Q_80,0",Get A Guitar,RIIZE,Get A Guitar
135,"//image.genie.co.kr/Y/IMAGE/IMG_ALBUM/084/173/979/84173979_1692349444153_1_140x140.JPG/dims/resize/Q_80,0",달빛에 그려지는,미연 ((여자)아이들),연인 OST Part.4
136,"//image.genie.co.kr/Y/IMAGE/IMG_ALBUM/080/448/757/80448757_1405475788747_1_140x140.JPG/dims/resize/Q_80,0",AEAO,다이나믹 듀오 & 디제이 프리미어,A Giant Step
137,"//image.genie.co.kr/Y/IMAGE/IMG_ALBUM/081/297/613/81297613_1574066356132_1_140x140.JPG/dims/resize/Q_80,0",Blueming,아이유 (IU),Love poem
138,"//image.genie.co.kr/Y/IMAGE/IMG_ALBUM/084/018/775/84018775_1688698334292_1_140x140.JPG/dims/resize/Q_80,0",예뻤어 (여름날 우리 X 김민석 (멜로망스)),김민석 (멜로망스),예뻤어 (여름날 우리 X 김민석 (멜로망스))
139,"//image.genie.co.kr/Y/IMAGE/IMG_ALBUM/081/867/444/81867444_1616662460652_1_140x140.JPG/dims/resize/Q_80,0",Celebrity,아이유 (IU),IU 5th Album 'LILAC'
140,"//image.genie.co.kr/Y/IMAGE/IMG_ALBUM/079/983/913/79983913_1321324871332_1_140x140.JPG/dims/resize/Q_80,0",죽일 놈 (Guilty),다이나믹 듀오,Band Of Dynamic Brothers
141,"//image.genie.co.kr/Y/IMAGE/IMG_ALBUM/084/189/188/84189188_1693213119305_1_140x140.JPG/dims/resize/Q_80,0",Baggy Jeans,NCT U,Golden Age - The 4th Album
142,"//image.genie.co.kr/Y/IMAGE/IMG_ALBUM/083/310/995/83310995_1671162581876_1_140x140.JPG/dims/resize/Q_80,0",Candy,NCT DREAM,Candy - Winter Special Mini Album
143,"//image.genie.co.kr/Y/IMAGE/IMG_ALBUM/081/374/334/81374334_1595222244182_1_140x140.JPG/dims/resize/Q_80,0",At My Worst,Pink Sweat$,The Prelude
144,"//image.genie.co.kr/Y/IMAGE/IMG_ALBUM/082/853/724/82853724_1658905111206_1_140x140.JPG/dims/resize/Q_80,0",주마등,김호중,PANORAMA
145,"//image.genie.co.kr/Y/IMAGE/IMG_ALBUM/084/141/182/84141182_1691719112375_1_140x140.JPG/dims/resize/Q_80,0",Slow Dancing,V,Layover
146,"//image.genie.co.kr/Y/IMAGE/IMG_ALBUM/082/662/688/82662688_1651196114166_1_140x140.JPG/dims/resize/Q_80,0",That That (Prod. & Feat. SUGA of BTS),싸이 (Psy),싸다9
147,"//image.genie.co.kr/Y/IMAGE/IMG_ALBUM/083/815/849/83815849_1683801280801_1_140x140.JPG/dims/resize/Q_80,0",사랑..그게 뭔데,지아 (Zia),사랑..그게 뭔데
148,"//image.genie.co.kr/Y/IMAGE/IMG_ALBUM/083/699/369/83699369_1681177236277_1_140x140.JPG/dims/resize/Q_80,0",KNOCK,이채연,Over The Moon
149,"//image.genie.co.kr/Y/IMAGE/IMG_ALBUM/080/792/545/80792545_1456050004407_1_140x140.JPG/dims/resize/Q_80,0",다시 사랑한다면 (니글니글 버터플라이),김필,복면가왕 47회
150,"//image.genie.co.kr/Y/IMAGE/IMG_ALBUM/083/959/495/83959495_1687336718089_1_140x140.JPG/dims/resize/Q_80,0",사랑하지 않아서 그랬니,지아 (Zia),사랑하지 않아서 그랬니
151,"//image.genie.co.kr/Y/IMAGE/IMG_ALBUM/080/911/488/80911488_1483696444510_1_140x140.JPG/dims/resize/Q_80,0",첫눈처럼 너에게 가겠다,에일리 (Ailee),도깨비 OST Part 9 (tvN 금토드라마)
152,"//image.genie.co.kr/Y/IMAGE/IMG_ALBUM/082/763/271/82763271_1655449446910_1_140x140.JPG/dims/resize/Q_80,0",빛이 나는 사람,김호중,빛이 나는 사람
153,"//image.genie.co.kr/Y/IMAGE/IMG_ALBUM/080/911/494/80911494_1484644569534_1_140x140.JPG/dims/resize/Q_80,0",Shape Of You,Ed Sheeran,÷ (Deluxe)
154,"//image.genie.co.kr/Y/IMAGE/IMG_ALBUM/080/282/407/80282407_1652028327153_1_140x140.JPG/dims/resize/Q_80,0",Stronger (What Doesn't Kill You),Kelly Clarkson,Stronger (What Doesn't Kill You)
155,"//image.genie.co.kr/Y/IMAGE/IMG_ALBUM/082/952/361/82952361_1662533827668_1_140x140.JPG/dims/resize/Q_80,0",인생은 뷰티풀,김호중,인생은 뷰티풀 : 비타돌체
156,"//image.genie.co.kr/Y/IMAGE/IMG_ALBUM/081/561/948/81561948_1599205978578_1_140x140.JPG/dims/resize/Q_80,0",애인이 되어줄게요 (Prod. by 알고보니 & 혼수상태),김호중,우리家
157,"//image.genie.co.kr/Y/IMAGE/IMG_ALBUM/083/674/087/83674087_1680016534948_1_140x140.JPG/dims/resize/Q_80,0",That's Not How This Works (Feat. Dan ＋ Shay),Charlie Puth,That's Not How This Works
158,"//image.genie.co.kr/Y/IMAGE/IMG_ALBUM/080/968/078/80968078_1500534316012_1_140x140.JPG/dims/resize/Q_80,0",DINOSAUR,AKMU (악뮤),SUMMER EPISODE
159,"//image.genie.co.kr/Y/IMAGE/IMG_ALBUM/082/324/427/82324427_1634605967340_1_140x140.JPG/dims/resize/Q_80,0",내 기쁨은 너가 벤틀리를 끄는 거야,김승민,PROTOTYPE RESEARCH #0063
160,"//image.genie.co.kr/Y/IMAGE/IMG_ALBUM/081/561/948/81561948_1599205978578_1_140x140.JPG/dims/resize/Q_80,0",고맙소 (Orchestra Ver.),김호중,우리家
161,"//image.genie.co.kr/Y/IMAGE/IMG_ALBUM/083/083/139/83083139_1666077446742_1_140x140.JPG/dims/resize/Q_80,0",떠나보낼 준비해 둘걸 그랬어,임한별,떠나보낼 준비해 둘걸 그랬어
162,"//image.genie.co.kr/Y/IMAGE/IMG_ALBUM/080/257/897/80257897_1306206125910_1_140x140.JPG/dims/resize/Q_80,0",내 손을 잡아,아이유 (IU),최고의 사랑 OST Part.4 (MBC 수목드라마)
163,"//image.genie.co.kr/Y/IMAGE/IMG_ALBUM/084/260/716/84260716_1694581319738_1_140x140.JPG/dims/resize/Q_80,0",한 개도 몰라 (Feat. meenoi),릴러말즈 (Leellamarz),한 개도 몰라
164,"//image.genie.co.kr/Y/IMAGE/IMG_ALBUM/082/853/724/82853724_1658905111206_1_140x140.JPG/dims/resize/Q_80,0",약속 (約束),김호중,PANORAMA
165,"//image.genie.co.kr/Y/IMAGE/IMG_ALBUM/084/169/207/84169207_1692265444312_1_140x140.JPG/dims/resize/Q_80,0",Better Things,aespa,Better Things
166,"//image.genie.co.kr/Y/IMAGE/IMG_ALBUM/081/078/885/81078885_1530075209642_1_140x140.JPG/dims/resize/Q_80,0",Way Back Home,숀 (SHAUN),Take
167,"//image.genie.co.kr/Y/IMAGE/IMG_ALBUM/082/154/563/82154563_1627285856162_1_140x140.JPG/dims/resize/Q_80,0",낙하 (With 아이유),AKMU (악뮤),NEXT EPISODE
168,"//image.genie.co.kr/Y/IMAGE/IMG_ALBUM/083/997/096/83997096_1688102135631_1_140x140.JPG/dims/resize/Q_80,0",Still With You,정국,Still With You
169,"//image.genie.co.kr/Y/IMAGE/IMG_ALBUM/082/266/898/82266898_1631855214410_1_140x140.JPG/dims/resize/Q_80,0",찰나가 영원이 될 때 (The Eternal Moment),마크툽 (Maktub),Red Moon : Beyond The Light
170,"//image.genie.co.kr/Y/IMAGE/IMG_ALBUM/081/398/219/81398219_1585214325118_1_140x140.JPG/dims/resize/Q_80,0",아로하,조정석,슬기로운 의사생활 OST Part 3 (tvN 목요드라마)
171,"//image.genie.co.kr/Y/IMAGE/IMG_ALBUM/082/853/724/82853724_1658905111206_1_140x140.JPG/dims/resize/Q_80,0",Il Mare Calmo Della Sera,김호중,PANORAMA
172,"//image.genie.co.kr/Y/IMAGE/IMG_ALBUM/082/777/117/82777117_1655825727342_1_140x140.JPG/dims/resize/Q_80,0",Left and Right (Feat. Jung Kook of BTS),Charlie Puth & 정국 & 방탄소년단,Left and Right
173,"//image.genie.co.kr/Y/IMAGE/IMG_ALBUM/084/190/259/84190259_1692766701532_1_140x140.JPG/dims/resize/Q_80,0",여섯 번째 여름,PLAVE,ASTERUM : The Shape of Things to Come
174,"//image.genie.co.kr/Y/IMAGE/IMG_ALBUM/082/659/634/82659634_1663829189608_1_140x140.JPG/dims/resize/Q_80,0",Unholy,Sam Smith & Kim Petras,Unholy
175,"//image.genie.co.kr/Y/IMAGE/IMG_ALBUM/082/853/724/82853724_1658905111206_1_140x140.JPG/dims/resize/Q_80,0",친구,김호중,PANORAMA
176,"//image.genie.co.kr/Y/IMAGE/IMG_ALBUM/082/215/884/82215884_1630051973827_1_140x140.JPG/dims/resize/Q_80,0",고백,멜로망스 (MeloMance),세 번째 '고백'
177,"//image.genie.co.kr/Y/IMAGE/IMG_ALBUM/082/593/427/82593427_1647690272642_1_140x140.JPG/dims/resize/Q_80,0",Feel My Rhythm,Red Velvet (레드벨벳),'The ReVe Festival 2022 - Feel My Rhythm'
178,"//image.genie.co.kr/Y/IMAGE/IMG_ALBUM/081/120/367/81120367_1541482589342_1_140x140.JPG/dims/resize/Q_80,0",12 : 45 (Stripped),etham,12 : 45 (Stripped)
179,"//image.genie.co.kr/Y/IMAGE/IMG_ALBUM/081/270/251/81270251_1568955300246_1_140x140.JPG/dims/resize/Q_80,0",Memories,Maroon 5,Memories
180,"//image.genie.co.kr/Y/IMAGE/IMG_ALBUM/083/024/008/83024008_1664434674893_1_140x140.JPG/dims/resize/Q_80,0",자격지심 (Feat. ZICO),BE'O (비오),FIVE SENSES
181,"//image.genie.co.kr/Y/IMAGE/IMG_ALBUM/082/644/646/82644646_1650435003028_1_140x140.JPG/dims/resize/Q_80,0",Love story,볼빨간사춘기,Seoul
182,"//image.genie.co.kr/Y/IMAGE/IMG_ALBUM/080/285/438/80285438_1331002426604_1_140x140.JPG/dims/resize/Q_80,0",자니 (Feat. DYNAMICDUO),프라이머리,자니
183,"//image.genie.co.kr/Y/IMAGE/IMG_ALBUM/082/874/435/82874435_1659686144189_1_140x140.JPG/dims/resize/Q_80,0",사랑한다고 말해줘,탑현,사랑한다고 말해줘
184,"//image.genie.co.kr/Y/IMAGE/IMG_ALBUM/082/051/546/82051546_1621497965521_1_140x140.JPG/dims/resize/Q_80,0",헤픈 우연,헤이즈 (Heize),HAPPEN
185,"//image.genie.co.kr/Y/IMAGE/IMG_ALBUM/081/434/107/81434107_1588747979387_1_140x140.JPG/dims/resize/Q_80,0",에잇 (Prod. & Feat. SUGA of BTS),아이유 (IU),에잇
186,"//image.genie.co.kr/Y/IMAGE/IMG_ALBUM/084/238/845/84238845_1694150527976_1_140x140.JPG/dims/resize/Q_80,0",그대를 그대를,이예은 & 전건호 & 아샤트리,그대를 그대를
187,"//image.genie.co.kr/Y/IMAGE/IMG_ALBUM/080/266/735/80266735_1314337317095_1_140x140.JPG/dims/resize/Q_80,0",안녕이라고 말하지마,다비치,Love Delight
188,"//image.genie.co.kr/Y/IMAGE/IMG_ALBUM/082/853/724/82853724_1658905111206_1_140x140.JPG/dims/resize/Q_80,0",Adoro,김호중,PANORAMA
189,"//image.genie.co.kr/Y/IMAGE/IMG_ALBUM/084/019/740/84019740_1688692234715_1_140x140.JPG/dims/resize/Q_80,0",ASAP,NewJeans,NewJeans 2nd EP 'Get Up'
190,"//image.genie.co.kr/Y/IMAGE/IMG_ALBUM/084/141/182/84141182_1691719112375_1_140x140.JPG/dims/resize/Q_80,0",Love Me Again,V,Layover
191,"//image.genie.co.kr/Y/IMAGE/IMG_ALBUM/082/998/598/82998598_1663838888101_1_140x140.JPG/dims/resize/Q_80,0",Rush Hour (Feat. j-hope of BTS),Crush,Rush Hour
192,"//image.genie.co.kr/Y/IMAGE/IMG_ALBUM/082/853/724/82853724_1658905111206_1_140x140.JPG/dims/resize/Q_80,0",나비 (Outro),김호중,PANORAMA
193,"//image.genie.co.kr/Y/IMAGE/IMG_ALBUM/080/437/332/80437332_1401155109262_1_140x140.JPG/dims/resize/Q_80,0",I'm Not The Only One,Sam Smith,In The Lonely Hour (Standard Edition)
194,"//image.genie.co.kr/Y/IMAGE/IMG_ALBUM/082/341/788/82341788_1634542366123_1_140x140.JPG/dims/resize/Q_80,0",strawberry moon,아이유 (IU),strawberry moon
195,"//image.genie.co.kr/Y/IMAGE/IMG_ALBUM/083/398/366/83398366_1694065643049_1_140x140.JPG/dims/resize/Q_80,0",Never Ending Story,김민석 (멜로망스),너의 시간 속으로 OST
196,"//image.genie.co.kr/Y/IMAGE/IMG_ALBUM/081/276/214/81276214_1629163526643_1_140x140.JPG/dims/resize/Q_80,0","10,000 Hours",Dan ＋ Shay & Justin Bieber,Good Things
197,"//image.genie.co.kr/Y/IMAGE/IMG_ALBUM/080/256/837/80256837_1305100539671_1_140x140.JPG/dims/resize/Q_80,0",Lonely,2NE1,Lonely
198,"//image.genie.co.kr/Y/IMAGE/IMG_ALBUM/083/793/319/83793319_1683006293738_1_140x140.JPG/dims/resize/Q_80,0",나의 바람 (Wind And Wish),비투비,WIND AND WISH
199,"//image.genie.co.kr/Y/IMAGE/IMG_ALBUM/045/790/117/45790117_1331532381512_1_140x140.JPG/dims/resize/Q_80,0",Love Love Love (Feat. Yoong Jin of Casker)),에픽하이 (EPIK HIGH),Remapping The Human Soul
200,"//image.genie.co.kr/Y/IMAGE/IMG_ALBUM/081/867/444/81867444_1616662460652_1_140x140.JPG/dims/resize/Q_80,0",라일락,아이유 (IU),IU 5th Album 'LILAC'
